{
  "assetsByChunkName": {
    "vendors~app-account~app-confirmation~app-order": "chunk.116b993b122c5c48ce54.js",
    "vendors~app-account~app-checkout": "chunk.0defd14a9f8c6f4a2e9d.js",
    "vendors~app-cart~app-checkout": "chunk.54d1d10f17d17e942acd.js",
    "admin": [
      "admin.a41e9f60c1b95d7551f8.js",
      "admin.a41e9f60c1b95d7551f8.js.map"
    ],
    "app-account": "chunk.8a3b84f359088ddf80ff.js",
    "app-cart": "chunk.fc794235122c6ff40c5b.js",
    "app-checkout": "chunk.1cc2fcc92435f44ef5b2.js",
    "app-confirmation": "chunk.08363c8329614b6cc54b.js",
    "app-order": "chunk.1954323de98eeab81193.js",
    "checkout": [
      "checkout.a7d1454059348c1b8de5.js",
      "checkout.a7d1454059348c1b8de5.js.map"
    ],
    "storefront": [
      "storefront.0814a41e5d8c1fd99319.css",
      "storefront.cf8d301545fd93ebdfb6.js",
      "storefront.0814a41e5d8c1fd99319.css.map",
      "storefront.cf8d301545fd93ebdfb6.js.map"
    ],
    "vendors~app-cart": "chunk.5a177ac1d7e2f8113b3c.js"
  }
}