{
  "description": {
    "title": "",
    "text": ""
  },
  "links_1": {
    "list_pages": true,
    "title": "Páginas",
    "list": []
  },
  "links_2": {
    "list_categories": true,
    "title": "Departamentos",
    "list": []
  },
  "contacts": {
    "title": "Contatos",
    "phone_wpp": true,
    "socials": true,
    "email": true,
    "address": true
  },
  "stamps": [
    {
      "src": "https://www.quartinhos.com.br/wp-content/uploads/2021/12/reclame_aqui_quartinhos-300x134.png",
      "alt": "",
      "link": "https://www.reclameaqui.com.br/empresa/has-brasil/?utm_source=referral&utm_medium=embbed&utm_campaign=reputacao&utm_term=horizontal"
    },
    {
      "src": "https://wdmolas.com.br/images/google-safe-browsing.png",
      "alt": "",
      "link": "http://www.google.com/safebrowsing/diagnostic?site=www.hasbrasil.com.br"
    },
    {
      "src": "https://ecoms1-nyc3.nyc3.cdn.digitaloceanspaces.com/51296/imgs/normal/@v3/1661548091905-icone_pix.png.webp",
      "link": "https://hasbrasil.netlify.app/pages/pagamentos"
    },
    {
      "src": "/img/uploads/ssl-safe.png",
      "alt": "Secure connection",
      "link": "http://www.google.com/safebrowsing/diagnostic?site=www.hasbrasil.com.br"
    }
  ],
  "payment_methods": {
    "bb": true,
    "visa": true,
    "boleto": true,
    "aura": false,
    "banrisul": false,
    "elo": true,
    "hipercard": true,
    "hsbc": false,
    "bradesco": true,
    "santander": false,
    "mastercard": true,
    "citibank": false,
    "mais": false,
    "amex": true,
    "itau": true
  },
  "credits": ""
}