{
  "marketing_stripe": {
    "text": "GANHE  7%  OFF  EM  QUALQUER  PRODUTO  PAGANDO  VIA  PIX ",
    "link": "",
    "background": "#235ea6"
  },
  "contacts_stripe": {
    "pages": [
      {
        "title": "Sobre nós",
        "link": "/pages/sobre-nos"
      },
      {
        "title": "Contato",
        "link": "https://hasbrasil-2068.netlify.app/pages/contato"
      }
    ],
    "phone_wpp": true,
    "socials": true
  },
  "categories_list": {
    "featured": [
      "/adesivos-decorativo-festa/?Adesivos",
      "/bolsa-mochila-mala-belo-horizonte/?Bolsas e Mochilas",
      "/brinquedos-em-belo-horizonte/?Brinquedos",
      "/carteiras-herois-personalizada/?Carteiras",
      "/eletronicos-smartphone-fone-teclado/?Eletrônicos",
      "/quebra-cabeca-e-miniatura/?Miniaturas",
      "/loja-pelucia-belo-horizonte/?Pelúcias"
    ],
    "random": 0,
    "full_width": true
  },
  "desktop_megamenu": true,
  "search_input": true,
  "alphabetical_order_submenu": true,
  "full_width_submenu": true
}