{
  "meta_title": "Ursos de Pelucias Gigantes",
  "meta_description": "",
  "sections": [
    {
      "type": "banner-slider",
      "autoplay": 9000,
      "full_width": false,
      "slides": [
        {
          "img": "/img/uploads/namo-3.jpg",
          "alt": "",
          "start": "",
          "end": "",
          "mobile_img": ""
        }
      ]
    },
    {
      "type": "info-bar",
      "enabled": true
    },
    {
      "type": "collection-shelf",
      "shuffle": true,
      "limit": 12,
      "page": 1,
      "collection_id": "62e477b6eb859112169d5fe9:categories:GIGANTES:/loja-pelucia-gigante-belo-horizonte/",
      "sort": "sales",
      "title": "Coleção de Pelúcias Gigantes  :D",
      "link": "https://hasbrasil.netlify.app/loja-pelucia-gigante-belo-horizonte/"
    },
    {
      "type": "collection-shelf",
      "shuffle": true,
      "limit": 24,
      "page": 1,
      "sort": "news",
      "title": "Lançamentos   ;)"
    },
    {
      "type": "collection-shelf",
      "shuffle": true,
      "limit": 24,
      "page": 1,
      "sort": "offers",
      "headless": false,
      "title": "Ofertas   :)"
    },
    {
      "type": "collection-shelf",
      "shuffle": true,
      "limit": 24,
      "page": 1,
      "collection_id": "62e477a1eb859112169d5fb8:categories:Brinquedos:/brinquedos-em-belo-horizonte/",
      "sort": "views",
      "title": "Mais comprados"
    },
    {
      "type": "collection-shelf",
      "shuffle": true,
      "limit": 12,
      "page": 1,
      "collection_id": "62e477a8eb859112169d5fc9:categories:Carteiras:/carteiras-herois-personalizada/",
      "sort": "news",
      "title": "$  Carteiras  $"
    },
    {
      "type": "collection-shelf",
      "shuffle": true,
      "limit": 24,
      "page": 1,
      "collection_id": "62e477baeb859112169d5ff6:categories:Herois e Personagens:/pelucia-personagem-desenho-super-heroi/",
      "sort": "views",
      "title": "Para colecionar"
    },
    {
      "type": "info-bar",
      "enabled": true
    }
  ]
}