{
  "sections": [
    {
      "type": "breadcrumbs",
      "enabled": true
    },
    {
      "type": "product-block",
      "enabled": true,
      "size_guide": {
        "image": "",
        "title": ""
      }
    },
    {
      "type": "buy-together",
      "enabled": false
    },
    {
      "type": "related-products",
      "title": "Produtos relacionados à sua busca"
    },
    {
      "type": "recommended-products",
      "title": "Produtos recomendados para você"
    },
    {
      "type": "product-description",
      "enabled": true
    },
    {
      "type": "product-specifications",
      "enabled": true
    }
  ]
}